[
  {
    "Type": [
      {
        "Main": [
          {
            "Name": "CameraXYZ",
            "Variable": "Float3",
            "Catagory": "Camera",
            "Init": [ 0, 0, 0 ]
          }
        ]
      },
      {
        "Uniform": [
          {
            "Name": "texelSizeMulti",
            "Variable": "Float",
            "Catagory": "Shaders",
            "shaderProgram": "frameBufferProgram",
            "Init": 1.0
          }
        ]
      }
    ]
  }
]